{
  "maskTimerHud": {
    "x": 0.038203744865971584,
    "y": 0.34469757563744563,
    "scale": 3.3999999999999995
  }
}