{
  "maskTimerHud": {
    "x": 0.10624999999999996,
    "y": 0.49148656685802244,
    "scale": 2.5999999999999988
  },
  "procHud": {
    "x": 0.37929687499999937,
    "y": 0.4099858508627899,
    "scale": 2.8000000000000003
  }
}
